ุจุฑูุฏู,0.06
ุดุฏ!,0.004
ูุงุชุงุฑ,0.004
ุจุฏูุฏู,0.004
ุนุฒุฒู,0.036
ุชุ,0.004
ุฎุฑ,0.004
ุงุญูู,0.008
ฺฉุซุงูุช,0.004
,0.788
10,0.016
ฺฉุงุฑุช,0.032
ูุฏู,0.06
ุงุนุชุจุงุฑ,0.028
ุชููุงู,0.024
ููุฑ!๐๐ฐ๐ณ,0.004
ูพุฑุฏุงุฎุช,0.056
26,0.012
ูุฒุงุฑุชููุงูุ,0.004
ูุฑุนู,0.08
ฺฉุด,0.068
ุดุฑฺฉุช,0.076
ุฑุงุญุช,0.004
ฺฉูุงุณ,0.008
ุฌูุณู,0.016
ุขููุงู,0.024
ุชุดฺฉู,0.004
ุจุฏู!,0.004
ูุดุชุฑฺฉุงู,0.004
ยซุฏุงูุงูพูุงุณยป!,0.004
yun.ir/73n20d,0.004
ุงูุงูุช,0.012
ุฑุงฺฏุงู๐จ,0.012
"""ูฺู",0.012
ฺฉุงุดุช,0.012
"ูู""",0.012
ุงุฑุณุงู,0.048
ุนุฏุฏ,0.02
14,0.008
ุณูุงู,0.148
ุฑุณุฏู,0.004
ุฎููููู,0.004
ุฎูุจุ,0.012
ุขุฐู,0.004
ุฌุงู,0.004
ุดุฑุจุช,0.004
ฺฉุจุฏ,0.004
ุจู,0.004
ุจุฏ,0.004
ูุดุชุฑ,0.012
ุฏุงุฑู.,0.004
ููููู,0.012
ุฑูุฒูุง,0.004
ุดุจโูุง,0.004
ุจุฑฺฉุชุ,0.004
ูุดฺฉูุงุช,0.004
ฺฏุฑูโฺฏุดุง,0.004
ฺฉูู.,0.008
ููุฏู,0.004
ุชูุฏู,0.004
ุจุณุชูโูุง,0.024
ุงูุทุงุฑ,0.004
ูุงุฒููุฏุงู,0.008
ฺฉุฏ,0.084
ุฏุณุชูุฑ,0.004
ุฑุงฺฏุงู:,0.004
*14#,0.004
ุดูุงุฑู,0.104
6277607777777777,0.004
#ุงุฑุงู_ููุฏูุ,0.004
ุจุฒุฑฺฏุชุฑู,0.012
ูพูุด,0.004
ูุฑุฏู,0.004
ุงุฑุงูุ,0.004
ฺฉูฺฉโูุง,0.004
ฺฉูุชู,0.004
ุงูุฏุงุฏ,0.004
ุจูุฒุณุช,0.004
ูโฺฉูุฏ.,0.004
ูุฏุงุช,0.012
ููุช,0.016
ุฒู,0.004
ุฏุง,0.004
ุฒูฺฏ,0.012
ุจุฒูู,0.004
ูุฑูุด,0.032
ุจูุช,0.008
ูุทุงุฑ,0.004
ุจุงุฒู,0.004
ูก,0.004
ูฃู,0.004
ุขุฐุฑูุงู,0.004
ุดุฑูุน,0.008
๐,0.004
ููุฑุงู,0.104
ูฅ,0.004
ุชููุงู,0.072
ุฌุงุฒู,0.06
ููุฏ,0.004
ุฑุฒุฑู,0.004
ุขูพ:,0.004
i.asanpardakht.com/EizPGW,0.004
ูุจุงุณโูุง,0.004
ฺุฑฺฉ,0.004
ฺุฑูฺฉุช,0.004
ุณุจุฏ,0.004
ุฎุดฺฉุดู,0.004
ยซูพุงฺฉููยป,0.004
ุจุฑุฒ!,0.004
35%,0.004
ุชุฎูู,0.068
ุณูุงุฑุด,0.024
ุดูุง!,0.012
ุชุฎูู:,0.016
HLPKLN35,0.004
http://yelloadwise.ir/6gshXlq,0.004
ูพุดููุงุฏ,0.012
ุงุจุฑูุจุงุฑุฏุุดุฌุฑุงูุ210,0.004
ุชุณููุุฑุงุบุจุ310,0.004
ุฒุจุง,0.004
ุจโุงุญุณุงุณุุฎุฏุฑุ223,0.004
ุฒูุฏฺฏ,0.012
ุฎูุฏููุุตุงุฏูููุ974,0.004
ูุนุงูุณุงุฒ:ุงุฑุณุงู,0.004
ูููโ,0.004
๐ุจุง,0.004
ุฎุฏูุช,0.004
ุฏูุณุชุงู๐,0.004
ูพฺููุด,0.008
ุญุทู,0.004
ุฑูุงูุดูุงุณ,0.008
ูุงุฒ,0.02
ููฺฉุงุฑ,0.004
ุฏุงุฑู.,0.004
ููุธูุฑ,0.008
*ุฏุงูุดุฌูุงู,0.004
ุฏุงูุดฺฏุงู,0.016
ุฏููุช,0.004
ุชูุฑุงู*,0.004
ุฏุนูุช,0.004
ุงุฎุชุงุฑ,0.008
ูพุฑุณุดูุงูู,0.016
ูุฐฺฉูุฑ,0.004
ูพุฑ,0.02
ฺฉููุฏ.,0.004
ูพฺููุด,0.004
ููุฑุงู,0.004
ุณูพุงุณ,0.004
ฺฏุฒุงุฑู๐ป,0.004
ูุดุชุฑฺฉ,0.056
12,0.004
ฺฏฺฏุงุจุงุช,0.028
180,0.008
ุฑูุฒู(ูุฑ,0.004
ฺฏฺฏ),0.004
ุฐุฑูโุจู,0.012
ุฏุฑุงูุช,0.04
ูฺฉุฑุฏูโุงุฏุ,0.004
ูุนุงูโุณุงุฒ,0.016
ุฑุงฺฏุงู,0.08
ุณุงุนุช,0.08
24:00,0.004
ููฺฉ,0.024
ูุฑุงุฌุนู,0.044
ฺฉูุฏ.,0.048
app.zarebin.ir/a7xobfp,0.004
ูพุฎุด,0.02
ุฒูุฏู,0.02
ููุชุจุงู,0.016
ูุจฺฏุฑุฏ,0.012
ุฐุฑูโุจู:,0.004
ุงุณุชููุงู,0.016
-,0.052
ฺฏูโฺฏูุฑ,0.004
ุณุฑุฌุงู,0.004
16:00,0.004
ูพุฑุณูพููุณ,0.004
ููุช,0.008
ุขุจุงุฏุงู,0.004
18:00,0.004
ุฐุฑูโุจูุ,0.004
ุชุฌุฑุจู,0.004
ูุชูุงูุช,0.004
ูุจฺฏุฑุฏ,0.004
ุงุฑุงูุณู,0.016
ุนุฒุฒุ,0.028
ยซฺฏูพ,0.004
ูููยป,0.004
ูุตุจ,0.048
ฺฉูุ,0.004
ูพู,0.004
ุงุณุชุดู,0.004
ุดู!,0.008
ุฎุฑุฏ,0.1
ุงุดุชุฑุงฺฉ,0.016
ูุงูุญุฏูุฏ,0.012
ููู,0.024
ุณุฑุงู,0.008
ุฏุงูููุฏ,0.016
ฺฉู:,0.012
http://yelloadwise.ir/4NJBAP4,0.004
ูพุงูฺฉ,0.004
ูููุช,0.008
ูพุงุณุฎฺฏู,0.004
ุงุณุช.,0.032
ุณุฑูุณ,0.016
ูุฒุจุงู,0.004
ูพุงูฺฉุุงุฑุณุงู,0.004
ูพุงูฺฉ,0.02
704093xxxxxxxx,0.004
ูุตุฑู,0.032
100,0.012
ูฺฏุงุจุงุช,0.008
ุงูุชุฑูุช,0.124
30,0.012
ุงูพูฺฉุดู,0.056
ููุฒ,0.008
ุฑูุจฺฉุงุ,0.004
ุงูููู,0.004
ุจฺฏุฑุฏ.,0.012
ูุนุงูุณุงุฒ,0.048
ุตูุญู,0.008
ยซุจุณุชู,0.004
ูพุดููุงุฏยป,0.004
ุงุฑุงูุณู,0.024
(irancell.ir/myirancell),0.004
*4444*2*5#,0.004
*ุจุงูฺฉ,0.008
ุดูุฑ*,0.004
ูุฑูุฏ,0.024
ุดูุฑ,0.004
ุชุงุฑูุฎ,0.02
:,0.04
1400/8/3,0.004
18:19:32,0.004
ุฒุงุฏ,0.004
ูพุงุงู,0.028
ุชุฎููโูุง,0.012
ตฐ,0.008
นฐ,0.004
ุฏุฑุตุฏ,0.008
ุงุณููุงุฑ,0.004
ููููุฏู.,0.004
ูููู๐๐ป,0.004
esmn.ir/mxnc,0.004
*ุณูุงู,0.004
ุงูฺฉุงู,0.012
ุชฺฉูู,0.012
ฺฉูุฏ*,0.004
ูพุฑูฺู,0.004
ุฏุฑุณุงู,0.004
ุฎูุงูุดุง,0.004
ุฏูุช,0.004
ูุชุฌู,0.004
ููุง,0.004
ุชุงุซุฑ,0.004
ฺฏุฒูู,0.004
ูุฎูุงุฏ,0.004
ุงูุชุฎุงุจ,0.028
ุซุจุช,0.032
ุฏุงูุทูุจ,0.012
ฺฏุฑุงู,0.06
ุชูุฌู,0.016
ุงุทูุงุนู,0.004
ุงุตูุงุญู,0.004
ูุญู,0.008
ููุฏุฑุฌ,0.008
ุณุงุช,0.008
ุณุงุฒูุงู,0.016
ุณูุฌุดุ,0.004
ุจุงุฒุจู,0.004
ูุฑุงุด,0.004
ุงูุฏุงู,0.024
ูุฑูุงุฏ,0.004
sanjesh.org,0.004
ฺฏุฑุงูุ,0.008
ุงุนุชุจุงุฑ,0.032
ฺฉุงู,0.008
ุดุจฺฉู,0.036
ูุฏุงุฑุฏ.,0.004
ููููุช,0.004
ุขูุฒ,0.004
ูุจูุฏ.,0.004
ูพุฎุดโุฒูุฏู,0.004
ูฺฏโ,0.004
ุจุฑุชุฑ,0.016
๐ตุงุณุชููุงู,0.004
โช๏ธฺฏูโฺฏูุฑ,0.004
ุญุถูุฑ,0.004
ูพุดฺฉุณูุชุงู,0.004
ุจุงุดฺฏุงู,0.064
ฑต:ณฐ,0.004
ฺฉุงูุงู,0.012
ุฑุณู,0.004
ุฑูุจฺฉุง,0.004
https://go.rubika.ir/estghl,0.004
60,0.012
ุฏููู,0.024
ูฺฉุงููู,0.044
23ุ,0.012
ฺฏุฑู,0.012
ุญุฑู,0.012
ููุช,0.02
2000,0.012
ุชููุงู.,0.012
*10*336#,0.012
ฺฏุฑุณูฺฏ,0.008
ฺฉุดุฏ,0.004
ูุงุบุฑ,0.004
ูุดุฏุ,0.004
ยซุจูุชูยปุ,0.004
ถ,0.008
ูุนุฏู,0.004
ูุชููุน,0.02
ุทูู,0.004
ูโุชูู,0.004
ูุฒู,0.008
ุงุฏูโุขูุช,0.004
ุจุฑุณ!,0.012
ููฺฉ:,0.016
http://yelloadwise.ir/pmgq55I,0.004
ุดูุงุ,0.02
ุฑุณุฏ.,0.004
ุทุฑุญ,0.012
ูุนุงู,0.004
ุจุงุดูุฏุ,0.004
ุงุฏุงูู,0.004
ูุดููู,0.008
ุชุนุฑูู,0.028
ุนุงุฏ,0.004
ุจูุฏ.,0.004
ูุดุงูุฏู,0.044
ุฑุงุชู,0.008
My.rightel.ir,0.004
#20,0.004
ุฏุงูุดุฌู,0.004
ุนุฒูุฒุ,0.004
ุถุฑูุฑู,0.004
ูพุงูุงู,0.008
ุขุฐุฑ,0.024
ูููู:,0.004
https://portal.saorg.ir/mentalhealth,0.004
ุณุงูุงูู,0.036
ุชูููู,0.004
ูุงุฑูุงูู,0.004
ุณูุงูุช,0.008
ุฑูุงู,0.004
ููุงููุฏ.,0.036
ุชููู:,0.004
02331532025,0.004
02331532539,0.004
ุงุฏุงุฑู,0.012
ูุดุงูุฑู,0.008
ูุทู,0.004
ูโฺฉูุฏ,0.004
ุจูุฑูุงุฆุฏ,0.004
ูุธุฑ,0.016
ุ,0.016
9380210896,0.004
ุทุจู,0.008
ุขุฒุงุฏ,0.016
ูุญุงุณุจู,0.008
ูโุดูุฏุ,0.004
ุฎุฑุฏุจุณุชู,0.004
ุฏุฑูุฒูู,0.004
ุตุฑูู,0.008
ุฌู,0.004
ุชุจุฏู,0.004
ุณูโฺฉุงุฑุช,0.008
ุฏุงุฆู:,0.004
*70#,0.004
ุณุฑูุงู,0.012
โฺฏุฐุงุฑ,0.004
ุฑุณฺฉ,0.004
ุจูุฑุณ,0.004
ุญูุธ,0.008
ุงุตู,0.004
ุณูุฏ,0.012
ุฑูุฒุดูุงุฑ,0.004
ETF,0.004
"""ฺฉุงูุงุจ""",0.004
ฺฉุงุฑฺฏุฒุงุฑูุง:,0.004
http://yelloadwise.ir/z9US1Hx,0.004
ฑฐูฌฐฐฐ,0.004
ุฏุงุฑู!,0.004
ฑฐฐ,0.016
ุณูฺฉุงุฑุช,0.012
ฑ,0.024
ฑฐ,0.02
ุณู,0.016
ูุฑูุดฺฏุงู,0.028
ุงูุชุฑูุช,0.02
http://i3l.ir/3arPK,0.012
ุจุฎุฑ,0.02
ุงุฏุงูุฑ,0.004
ุฑฺฉูุฑุฏ,0.004
ยซุขูพยปุ,0.004
ุงูุชุงุฒ,0.008
ุจฺฏุฑุฏ!,0.004
ุฌุดููุงุฑู,0.028
ูพุงุฒู,0.004
ยซุขูพยป:,0.004
http://yelloadwise.ir/0q5gEhQ,0.004
ูุจููุงุฑ,0.004
ุขุดูุงูู,0.004
ุฑููุฏุงุฏ,0.004
ุงุณุชุงุฑุชุงูพู,0.004
ุจูุงุชู,0.004
19,0.004
ูููู,0.004
ุฌูุณู:,0.004
vc10.semnan.ac.ir/sustp,0.004
ูพุงุฑู,0.004
ุนูู,0.008
ููุงูุฑู,0.004
ุณููุงู,0.012
ฺฏุฑูู,0.008
ููููู.ุฏููุงูพุณ,0.004
ูฺฉูู,0.004
ุงุดุชุจุงู,0.008
ุนุฑุถ,0.008
ุฑุณููุฏู,0.004
ุจุงุดู.,0.004
ุจุงุดุฏ!,0.02
ุทูุงุ,0.012
ููุฑู,0.012
ุจุฑูุฒ,0.012
ุงุฑุงูุณู:,0.012
ููุชุจุงูู,0.008
ุฌุฏุงู,0.008
ุณุฑุฎ,0.008
ุขุจโูุง,0.008
ุขุณุชุงูู,0.008
ุดูุฑุขูุฑุฏ,0.008
โฝ๏ธโฝ๏ธโฝ๏ธ,0.008
ุขฺฏูพ,0.008
ูพุดโุจู,0.008
ูููู,0.016
d.igap.net/fb,0.008
ุณุงูฺฏุฑุฏ,0.008
ุงูุชุชุงุญ,0.008
ูุงูู!,0.008
ุชุฑฺฉุจ,0.008
ุจุฑูุฏูุ,0.008
ุตุฏูุง,0.008
ฺฉุงูุงุ,0.008
ฒฐุชุง,0.008
ุจุฎุฑ,0.012
ุชุฎููุุจุฏูู,0.008
ูุฑุนูโฺฉุด,0.016
ฑฐฐูุฒุงุฑ,0.008
ุฑุณุฏู,0.004
ูฺฏุฑุงู,0.004
code:,0.012
39744,0.004
ูพูุดุงฺฉ,0.012
ูุงููุฑ,0.004
ุจูุงุฑู,0.004
ุฏูุณุช,0.008
09380210896,0.004
ูุณุงุจูู,0.008
ุดุงูุณ,0.02
ฺฏุฑุฏููู,0.008
ูููุงุชู,0.008
ุจุฏุณุช,0.004
ุงุฏ.,0.008
ุฑฺู,0.004
ูฺฏุฑุ,0.004
ฺฉุงูุฑ,0.004
ฺฉู!,0.008
ยซฺฉุฑูุณยปุ,0.004
ูุญุจูุจุชุฑู,0.004
ฺฉุงูุฑโุดูุงุฑ,0.004
ูุงุฑุณู,0.004
ูโฺฉูู,0.004
ูุทููุจุช,0.004
ุจุฑุณ.,0.004
http://yelloadwise.ir/hv0vyv6,0.004
ฺฉุงุฑุจุฑ,0.016
ุจุงุจุง,0.02
ณ,0.016
ุณูุฑ,0.044
ูุชุนูู,0.008
ุดูุงุณุชุ,0.008
ูุงฺฏู,0.008
ุดุงูุณุชุงู,0.008
ุดูุฏ.,0.008
https://url.alib.ba/ridbqO,0.004
ุณูพุงุณฺฏุฒุงุฑูุ,0.004
ุงุฑุณุงู,0.004
ุดุฏ.,0.052
ฺฉุฏ:,0.016
*ูุฑูุดฺฏุงู,0.004
ุงุชฺฉุง*,0.004
ุนุถูุชูู,0.004
ฺฉููุ,0.004
ฺฏูุด,0.016
ุงููู,0.008
13,0.012
ูุงูุงูู,0.016
ูพุดูุงุฒ,0.008
ฺฉู,0.02
ูพูู,0.02
ุฏุฌุชุงูุ,0.004
ุจุงุด!,0.004
http://biglyt.com/nt5f2,0.008
๐ตุงูููู,0.004
ุงุฑุดุฏ,0.024
ุฏูุชุฑ,0.008
ููุณุฑุช,0.004
ุฑููุฏ,0.004
https://zaya.io/7ykpz,0.004
ูุงูุงู,0.016
ุฏููู,0.004
ุญุฐู,0.016
ุงุดุชุจุงูู,0.004
ูุฌุจูุฑ,0.004
ุฎุฐู,0.004
ูุตู,0.004
ฺฉูุงุณุงุดู,0.004
ุฑูุช,0.008
ุุงูุชุฎุงูุชู,0.004
ูพุงุณ,0.004
ูุด,0.004
ููุฑู,0.008
ุจุฎุฑุ,0.004
ุฎุฑุงุจ,0.004
ููุณุฑุช,0.004
ูุงุ,0.004
ุชุงุฏ,0.004
ุชุบุฑ,0.004
ุชููู,0.004
597564,0.004
ุณูพุฑุฏู,0.016
ูุฑฺฉุฒ,0.004
ุงูู,0.004
ุชูุงู,0.004
ุงุฎุจุงุฑุ,0.004
ฺฉููพูโูุงุ,0.004
ุฌูุงุฒ,0.024
ูุฏุงุง,0.004
8037,0.004
ููุงุฏ.,0.008
ุขูููููู,0.004
ุงุฑุงฺฉ,0.004
ฺฏฺฏ,0.024
ูุฎุตูุต,0.004
ุฐุฑูโุจู.,0.004
19:50,0.004
click.adtrace.io/y2tg9iw,0.004
ูุฑุงุซ,0.008
ุงุฌุงุฒู,0.004
ูุฑุซู,0.004
ููฺฉ,0.004
ููุงุฏุ,0.004
ูุฑุชฺฉุจ,0.004
ูุงู,0.008
ฺฉูุงูุจุฑุฏุงุฑ,0.012
ุดฺฉุงุช,0.004
ููุงูุฏ.,0.004
ูุนุงููุช,0.028
ุงุฌุชูุงุน,0.024
ูพุดฺฏุฑ,0.024
ูููุน,0.024
ุฌุฑู,0.028
ููู,0.024
ูุถุงู,0.024
ุญูุง,0.008
ุฏูุง,0.008
ุฏุฌโฺฉุงูุง,0.02
ุงููุฏ!,0.004
ุฎุฑุฏุงููโูุง,0.004
ุงูุชุธุงุฑุชู:,0.004
dgkl.me/D6M-1A,0.004
ูุบู,0.004
ูพุงูฺฉ:,0.004
ุจุงุณูุงู,0.004
ฺฉุชุงุจ,0.016
ุฑููพูุด,0.004
ุฏุงูุด,0.004
ุขููุฒุชุงู,0.004
ูุฏุฑุณู,0.012
ุชุดุฑู,0.008
ุนุถูุช,0.004
ฺฉุณุงูู,0.004
ฺฉุชุงุจุฎุงูู,0.004
ฺฉุฏุชุฎูู,0.004
904138A14B,0.004
samanpl.ir,0.004
ุนุฒุฒ!๐๐๐,0.004
90%,0.004
ุชุฎููุ,0.008
ุบุฐุง,0.008
ููุฏูพุงุฑุชุ,0.004
ยซุชูุฑุงูยป,0.004
ยซุงุณููพ,0.004
ููุฏยป!,0.004
ุงูุฑูุฒ!,0.004
ุฏูุฏ:,0.004
https://myirancell.irancell.ir/dl?27,0.004
ุณููพุฑูุงุฑฺฉุช,0.004
ูุชุงุณูู5,0.004
ุจฺฏุฑ!,0.008
ุณููพุฑุงูพูฺฉุดู,0.008
ยซุงุฑุงูุณู,0.004
ููยป:,0.004
https://myirancell.irancell.ir/dl?44,0.004
ูุดุฏุงุฑุ,0.004
ูพุงู,0.008
ุฏุฑุงูุช,0.004
ุดุฎุต,0.012
ูุชู,0.004
ุซูุงุ,0.004
ุงุจูุงุบู,0.004
ูุถุงุ,0.004
ุชุฎูู,0.004
ูุณุฏูุฏ,0.004
ุงููุงู,0.004
ูุงฺฉุณูุ,0.008
ุฌุนู,0.004
ูุตุฏ,0.012
ุณุฑูุช,0.012
ุงุทูุงุนุงุช,0.032
ุญุณุงุจ,0.04
ุดูุงุณุช.,0.016
ุฏุฑุฌุดููุงุฑู,0.004
8ุณุงูฺฏ,0.004
ุงูู,0.012
ฺฉูุฑูุด,0.012
ุจุงุตุฑูู,0.004
ุจุงุฒุงุฑ,0.012
ุจุฎูุงูุฏ:,0.004
Okcs.ir/18,0.004
๐,0.004
15ูุฒุงุฑุชููุงู,0.004
ุฌุงุฒูุ,0.004
ุชููุฏ,0.008
ูุชูุงุณุจ,0.008
ูุฑุฒุด,0.004
ุงูุชุฎุงุจ,0.004
ุงุฑุงู,0.012
ุงุณูพูุฑุชุฑุ,0.004
ูุฑุฒุด,0.008
ฺฉุดูุฑ!๐,0.004
๐ุซุจุช,0.004
ฺฉูุฏ:๐,0.004
http://yelloadwise.ir/24aTvIM,0.004
ุขุบุงุฒ,0.004
ุงุฎุชุชุงูู,0.004
ุฌุดู,0.008
ุณุงูฺฏ,0.004
ุจุงุฒโูุง,0.004
ฑดฐฐ,0.004
ุฑูุฏุงุฏ,0.008
ุขูพุงุฑุงุช:,0.004
https://www.aparat.com/ircg/live,0.004
<#>,0.004
Account:,0.004
669120,0.004
is,0.004
your,0.004
Samsung,0.004
account,0.004
verification,0.004
code.,0.004
bP2ROrn3fZQ,0.004
ดต%,0.004
ูฺฉุชุจโุฎููู,0.004
ุขุฐุฑุ,0.004
ุฏุงูุดุฌู:,0.004
daneshjooen,0.004
mktb.me/fgwp,0.004
ุฏุฑุณ,0.004
ูุญูุฏ,0.004
ุนุณูุฑ,0.004
ุดุดู,0.004
ุงุจุชุฏุง,0.004
ูุจูุบ,0.012
425000,0.004
ุฑุงู,0.004
5525916,0.004
ุชูุฒุน,0.004
ููุงุฏ,0.004
ุขููุฒุด,0.004
ุงูู,0.004
ุฑูุฒ,0.016
ูพูุง,0.008
ุงุณููพ,0.028
ููุฏุ,0.004
ุขูพ,0.004
ุณุฑูุณ:,0.004
i.asanpardakht.com/rhUKrv,0.004
ณท,0.004
ูุดุงูุฑูโ,0.004
ูพุฒุดฺฉ,0.012
ูุณุฎูโ,0.004
ุงุณููพ!,0.008
CRMMEXA1HH276,0.004
ุงุนุชุจุงุฑ:,0.012
ููุฑ,0.012
ุงุณููพุ,0.004
ยซูพุฒุดฺฉ,0.004
ูุดุงูุฑยป,0.004
http://snp.cab/tao1,0.004
ุนุฒุฒุฏููุุฎูุจุ๐๐น,0.004
ุฎุงูู,0.004
ุฎูุจูุ,0.004
ุฎุจุฑุงุ,0.004
ูฺฏุฐุฑูโค๏ธ,0.004
ฑต,0.016
ุฏุฑุตุฏ,0.016
ุชุฑุงูฺฉ,0.012
ฺฉโุณุงูู,0.008
ฒฐ,0.008
ฒฐฐ,0.012
ฺฏฺฏุงุจุงุช,0.012
ุซุงุจุช,0.008
ุดุงุชู,0.008
ฑูง,0.008
ุขุฐุฑ.,0.008
https://u.sha.tel/FGHL5,0.004
ูุงุทูู,0.004
ุฌูู,0.008
ุนุฒุฒูุ,0.008
ูุงุชุณุงูพ,0.02
ุงูฺฉ,0.004
ูุดุชุฑู,0.004
ฺฏุฑุงููุ,0.004
ุตุฏูุฑ,0.004
ุงูููู,0.004
ููุฏู,0.004
ุณุฑูุงู,0.004
แฟ585983****7601แฟ,0.004
ฺฏุฑุฏูุฏ.,0.004
ุงููุถุงุก,0.004
ูููุฏ,0.004
ุณุงูุ,0.004
ุฑูู,0.004
(ูุซูุง,0.004
1403,0.004
03),0.004
ููุงุฆูุฏ.,0.004
ูุญุตูู,0.004
ูพุงุฑฺู,0.004
ฺฉุงฺฉุชูุณ,0.004
ุงุฏุฑุณ,0.004
http://titomarket.com/index.php?route=product/product&product_id=405,0.004
ูุฌุฏุฏ,0.004
ุดุงุฑฺ,0.036
ูุงุฑฺฉุช,0.004
ุจูุชุฑู,0.008
ุฏุฑุงู,0.004
ุงูุชุฑูุงู,0.004
ููุฏูุฒ,0.004
ุจฺฏุฑู,0.004
ุงฺฉุณุชุฑูุงู,0.004
ูููุทู,0.004
ุนุฒูุฒ,0.004
ุชูุงุดโูุงู,0.004
ฺฏุณุชุฑุฏู,0.004
ููู,0.004
ููุดููุฏ,0.012
ุณูุฎุช,0.008
ุฒูุฏู,0.004
ุจุฑุทุฑู,0.008
ููโุดูุฏ.,0.004
ุณูููู,0.004
ุจูุฒูู,0.008
ููุฌูุฏ,0.012
ูุงุฑุชโูุงู,0.004
ูุญููุธ,0.004
ุดุงูุนู,0.004
ุงูุฒุงูุด,0.008
ูููุช,0.004
ุณููููโูุง,0.004
ูุงูุนูุช,0.004
ูุฏุงุฑุฏ.,0.004
ุงุฎุจุงุฑ,0.004
ุตุญูุญ,0.004
ุฑุณุงููโูุงู,0.004
ุฑุณูู,0.004
ูุดูุฑ,0.008
ูพูฺฏูุฑู,0.004
ูุฒุงุฑุช,0.008
ููุชู,0.012
ุณุฒุฏูู,0.008
ูฺฏ,0.004
ุงูฺฏูุณ,0.004
ุงุณูพูุฑุช,0.004
ูพูุงุณ,0.004
ูุณุชูู,0.004
ููฺุณุชุฑุณุช,0.004
ฑท:ณฐ,0.004
http://i3l.ir/60YBH,0.004
ุฏุงูุฏ,0.004
ุฌุฒุก,0.004
ูุดุชุฑฺฉู,0.004
ฺฉุงูุด,0.016
ุจุฑู,0.02
ูุดุชุฑฺฉู,0.004
ฺุดูฺฏุฑ,0.004
ูุฒูู,0.008
ุดูุฏุ,0.004
ูุฑูุงุฏ.,0.008
ุขุฒุงุฏุดูุฑ,0.004
ูุบู1,0.004
ููโููู,0.004
ุนุฒุฒูุงูุ,0.004
ฺฉุฑููุง,0.016
ูุฌุงูู,0.004
ุขฺฏุงู,0.004
ุจุฎุดโูุงโ,0.004
ุญุถูุฑ,0.004
ุฌูุนุ,0.004
ุงูุชุฎุงุจุงุช,0.004
ฺฏุฑูุชูโุณุช.,0.004
ฺฉูุงุฑุชุงู,0.004
ูุณุชูุ,0.004
ูุฑุตุชู,0.004
ุฏุฏูุ,0.004
ุงูุฏุดุฏู,0.004
ฺฉุฑุฏูุ,0.004
ูุดูุฏ,0.004
ุจูุงูู.,0.004
ุจุณุชูโ,0.004
ูุฏูโ,0.004
ท,0.012
ุธุฑู,0.004
ฒด,0.004
ุขูุฏู,0.004
ูุนุงู,0.028
โุฎูุงูุฏ,0.004
ุดูุฑ,0.004
ูโูุงูู...,0.004
ุงุฑุชุจุงุทุงุช,0.008
ููุงูุฑ,0.004
ุจูุฑุณุชู,0.008
ูุงุณู,0.004
ุจุงูฺฉ,0.044
ููู,0.02
ุณุฑุฑุณูุฏ,0.004
ูุณุท,0.004
ูุงู:6103897436009,0.004
"ูุจูุบ:2,099,000",0.004
ุณุฑุฑุณูุฏ:1400-09-06,0.004
ุจุงุฒูพุฑุฏุงุฎุช,0.008
ุชุณูููุงุช,0.012
ุงูููู,0.012
ุดุนุจู,0.008
ุฏูุฌูุชุงู,0.008
https://ivaapp.com/dl16,0.008
ฺฏูู,0.016
ุนฺฉุณ,0.004
ูุฑุณุชุงุฏ,0.004
ููุดูุ,0.004
ููุงุดฺฏุงู,0.004
ฺฉุชุงุจุุจุฑุง,0.004
ููุงุชุญ,0.004
ุงูุญุงู,0.004
ุฒุญูุช,0.004
ูุชุดฺฉุฑูู,0.004
:6103897436009,0.004
"ูุจูุบ:4,205,035",0.004
ุชุงุฑูุฎ:,0.004
14000719,0.004
ุณุงุนุช:,0.004
19.13.36,0.004
ูุงุชุณ,0.004
ุงูฺฉ,0.004
ฺุฑุช,0.004
ูพุฑุช,0.004
ุฌูุนู,0.024
ุฑูุง,0.008
ุจุงุดุฏ.,0.016
ุงุณููุฏ,0.008
1400,0.016
ุชูุงุณ,0.012
ุชูุฏุฏุ,0.008
ุชุฑุบุจุ,0.008
ุชุดูู,0.008
ูุฑุจุ,0.008
ูุฑุงุฑ,0.008
ฺฉูุฏฺฉ,0.008
ููุฌูุงู,0.008
ุฎุงูู,0.008
ุชุฑฺฉ,0.008
ุชุญุตู,0.008
ุดูุฏุ,0.008
ูุฌุงุฒุงุช,0.008
ููุฑุฑ,0.008
ูุงููู,0.008
ูุญฺฉูู,0.016
ุจุจุฎุดุฏ,0.008
ูุฑู,0.004
ุฌูุงุจ,0.004
ูุดุฏ,0.004
ุชุง10.000ุชููุงู,0.004
ุฑุงูฺฏุงู,0.004
ูุฏูู,0.008
ุจฺฏูุฑุ,0.004
ุฎุฑูุฏ,0.016
ุงููุชุฑูุช,0.036
ุงูพููฺฉูุดู,0.02
ฺฉุงุฑุจุฑุฏู,0.004
ูู,0.004
ูุดุชุงุฏ.,0.004
ุงุฒ:,0.004
https://app.780.ir/dl,0.004
ุญุงุถุฑุ,0.004
ุดุฑููุฏู,0.004
ูุฌุจูุฑ,0.004
ุจุฑฺฏุฑุฏููู,0.004
ุญุงูุช,0.004
ฺฉุงุฑุฎููู,0.004
ูููู:,0.004
ูพุฑููุฏู,0.008
2680173,0.004
ูพุฑุฏุงุฎุชุ,0.004
ฺฉูุฏ:,0.012
http://my.limoome.com,0.004
ุจุฑูุฑุงุฑูุุ,0.004
ุขูุงูุง,0.004
ููุชุฎุจ,0.004
ุขุฎุฑูู,0.004
ูพุงููุฒ:,0.004
ูุฏ,0.008
ุขูุง,0.004
ุจู8989,0.004
17743ูุงู,0.004
ุจุงุด(ูพุงูุฒุงุฏ),0.004
19401ุฎูุดุญุงู(ุฌุงูุฏ),0.004
15185ุฏุฑูุง,0.004
ุฏุฑูุง(ุฑุถุงู),0.004
19429ุฎูุฏุชู,0.004
ุจุฑุณูู(ุฒููุนู),0.004
16336ุดุงูุฏ,0.004
ุจุงุฑูู(ููุฑูุดโุจูุฏ),0.004
18649ุชู,0.004
ุขุณููู(ุนุธูู),0.004
ูุฒููู,0.004
ูุงููุงูู,0.004
300,0.004
๐ตูู,0.004
ุชููุฒูู,0.004
ูุงููพูุชุฑ,0.004
https://zaya.io/a3pvo,0.004
ูพุฏุงุช,0.004
ุนุฌูู๐๐๐๐,0.004
ุฏุฌ,0.004
ฺฉุงูุง,0.004
ุจุฑู,0.004
ูุณูุช,0.016
ุฌุณุช,0.004
ุญู,0.004
ูพุดุฑูุชู,0.004
ุฑูุฌ,0.004
ููุชูู,0.004
ุจฺฏุฑู,0.004
ููพ,0.004
ุชุงูพ,0.008
ูุดุฎุตุงุช,0.004
ุจุณูุฌู,0.004
ูุงูุงูุุจุฑู,0.004
ุฎุฑุฏุ,0.004
*ุณุงุฒูุงู,0.004
ุชุงูู,0.004
ุงุฌุชูุงุน*,0.004
ุจูู,0.004
ูุญุชุฑูุุณุฑฺฉุงุฑ,0.004
ุฎุงูู,0.008
ูุฏูู,0.004
ฺฉุฑู,0.004
ฺฉุดุชู,0.004
ูุฒุช,0.004
ุงูฺฉุชุฑููฺฉ,0.004
ุดูุงุณู,0.004
494110828,0.004
ุชุงุฑุฎ,0.008
1400/05/19,0.004
ุฏฺฉุชุฑ,0.008
ุนุทุง,0.004
ุฏูุฌ,0.004
ุตุงุฏุฑ,0.004
ฺฏุฑุฏุฏ.,0.004
ุฌุฒุฆุงุช,0.004
ูุณุฎู,0.004
ุชุฌูุฒ,0.004
ุบุฑุญุถูุฑ,0.004
ุขุฏุฑุณ,0.02
es.tamin.ir,0.004
ููุชุชูู,0.016
ูุงูู,0.004
ุฏุงูุดุฌููุง,0.004
ุงูฺฉุงูุด,0.004
ุจุฑุงุชูู,0.004
ูุญุจุช,0.004
ต,0.012
ฺฏุฑู,0.004
ุจุฒุฑฺฏ,0.004
ุตุจุฑ,0.004
ูุงู,0.004
ุฏูุจุงูุช,0.004
ฺฉู,0.004
ุจฺู,0.004
ุจุฒู,0.008
ุจุจู,0.004
ุชฺฉููุด,0.004
ฺู.ุฏุฑุณ,0.004
ุฎููุฏู,0.004
ุจุฏู.ุงูุฏูฺฏุฑ,0.004
ุจุฑุงุด,0.004
ูุจู,0.008
ุฏุณุชุช,0.012
ุฑูุชู!,0.008
๐ฅ,0.012
ุจูฺฉ,0.012
ูุฑุงุฏ,0.012
ุฎุจุฑ,0.008
ุฏุงุฑุ,0.008
ธฐูช,0.008
ุฏุงุบโุชุฑูโูุง,0.008
ุขุฐุฑ:,0.008
dgkl.me/D0j__A,0.008
ูุบู:,0.016
ูุฑุฎุต,0.012
ูุดุฏุงุฑ:,0.008
ุญุงู,0.008
ุฏุฑฺฏุงู,0.008
ุจุงูฺฉ,0.012
ุงุฑุฌุงุน,0.008
ูโุฏูุฏุ,0.008
ุฏุฌโฺฉุงูุง/ุฏุฌ,0.008
โุงุณุชุงู,0.008
ุญูุฏ,0.008
ุณูุงุฑุดโุชุงู,0.008
ูพุณุช,0.008
ุชุญูู,0.012
ุฏุงุฏู.,0.008
ูโุชูุงูุฏ,0.008
ูพุณุช,0.012
ูุดุงู,0.008
ุฑูฺฏุฑ,0.016
ุณูุงุฑุด:,0.008
235551969,0.008
ูุฑุณููู:,0.008
191480025103675203761111,0.008
http://newtracking.post.ir,0.008
ุชุฑุงฺฉูุด,0.02
ุฌุงูุน,0.008
ุงูุงููุ,0.008
ููุฏุ,0.008
ูุฑุนูโฺฉุดโูุง,0.008
ุฌุฐุงุจ,0.016
ุงูุงูู,0.008
ุดูุฏ.,0.016
https://click.adtrace.io/8741s84,0.008
ูุงู:,0.008
ูฺฉโุจูฺฉุ,0.008
ุขููู,0.02
ฑณุ,0.008
ุขูพุฏ,0.008
โฆ,0.008
ููุงุฑูุ,0.004
ููุชุธุฑ,0.004
ุดูุงุณุช!,0.004
ุงูพ,0.008
ยซูุฑุงุฑยปุ,0.004
ูุฑฺ,0.004
ุจูุฏ,0.004
ุขููุฒุด,0.008
ุฏุฑุขูุฏ,0.004
ฺฉุณุจ,0.024
ุฑูุฏุงุฏุช,0.004
ุจุฑฺฏุฒุงุฑ,0.008
http://yelloadwise.ir/s2s1oWf,0.004
ูุงูู,0.004
ุจุฑุงุช,0.004
ูุฑุณุชุงุฏู,0.008
ยซุดุงู,0.008
ุฑฺุงุฑุฏยป,0.008
๐พุฏุงุณุชุงู,0.008
ูุฑุจ,0.008
ุชูุณ,0.008
ูุดููุฑ,0.008
ุฑฺุงุฑุฏ,0.008
ููุงูุฒ,0.008
ุฏุฑยซฺุงุฑุฎูููยป๐ฟ,0.008
IMDB:,0.008
7.6/10,0.008
yun.ir/t7xfs2,0.008
*44#,0.008
ุจฺฉุงุฑุช,0.004
ุณุฑูุงูโฺฏุฐุงุฑ,0.004
ยซฺฉุงู,0.004
ุฏุฌุชุงูยป,0.004
http://yelloadwise.ir/yknktcC,0.004
50%,0.004
ุงฺฉุณุณูุฑ,0.004
ุฎุงุต,0.008
ยซุฑูฺฏุงุฑูฺฏยป,0.004
ููุงุณุจุช,0.004
ุณุงู!,0.004
ุณูุงุฑุด๐,0.004
http://yelloadwise.ir/ls8peVn,0.004
ุณุดูุจู,0.004
ุฑุฏ,0.004
ุจุฑุงุชุ,0.004
ูพุณูุฑุฏุช,0.004
ฑณทณ,0.004
ูุงุณ,0.004
ูพูุฑุง,0.004
ฑฒณดุุุ,0.004
ุณูุงู,0.008
ุงุฒุชูู,0.004
ุฑุงุฌุจ,0.004
ููุงูู,0.008
ูุงุฑู,0.008
ูุงุฑูุ,0.004
ูฺฏูุ๐ค,0.004
ููุช,0.012
ููุชุฎุฑ,0.004
ูพุงุณุฎ,0.004
ุงุนุชูุงุฏ,0.004
ูุดุชุฑุงูุุฏุฑ,0.004
ุงูุฏุงู,0.008
ุฏููู,0.004
ูพุงูพุุนูุงูู,0.004
ูพุฑุฏุงุฎุช,0.004
ุณุงู1399ุุชุง,0.004
5%,0.004
ูุงุฑุฒ,0.004
"""ูุฌู",0.004
ุชูุงุฒ,0.004
"ุดุฏ""",0.004
ููุชุุชุฌุฑุจู,0.004
ูุชูุงุฒ,0.004
11,0.004
ทตฐฐ,0.008
ด,0.008
ุณูุฑ!,0.008
ตฐูช,0.016
(ุชุง,0.012
ุณูู,0.02
ณฐฐฐ,0.008
ุชููุงู),0.016
ฒฐูช,0.008
(ูุฑ,0.008
ฑตฐฐ,0.008
RTCN-8,0.004
ฒ,0.008
ูุงุณฺฉ,0.008
ูุฑุงููุด,0.008
ูุดูุฏ!,0.008
http://snp.cab/szfz,0.008
ูุจูุงุฑ,0.008
6.5,0.004
ุขุฒููู,0.024
ุขูุชุณ,0.004
ุชุฑฺฉุงุดููุฏ:IELTS,0.004
Managerุฏุงูุดฺฏุงู,0.004
ุจุฑููฺฏุงู,0.004
ุงูฺฏูุณุชุงู,0.004
ูุฑูุฏ:,0.004
https://liveamooz.com/c659,0.004
ฺฏุฑุงูู,0.012
ุงูุชูุงุฒ,0.032
ุงุญุชุณุงุจ,0.012
ุถุฑูุจ,0.012
ููุฑุงูู,0.016
ููุฑูุฒู,0.036
ุงู,0.036
ุงุถุงูู,0.012
ุจุฑุงู,0.024
ุงุทูุงุน,0.024
ุงูุชูุงุฒุงุช,0.02
ุฌูุงูุฒ,0.016
ูพุฑุชุงู,0.012
my.mci.ir,0.012
ูุดุชุฑูุงู,0.016
https://u.sha.tel/SBRP8,0.004
ูพุงุฒ,0.004
ุงุฑุงูุณู!,0.004
ณฐ,0.004
ุทูุง,0.004
ุจูโ,0.004
ุงุฑุฒุด,0.004
ุชููุงูุ,0.004
Shop.irancell.ir,0.004
ุงุตู,0.004
ุญุณุงุจุชุงู,0.004
#7*,0.004
ุจุฑุฑุณ,0.004
ุฌุฒุฆุงุช:,0.004
#555*1*4*,0.004
https://Irancell.ir/Myirancell,0.004
ุฏูุจูู,0.008
ูุงุฑุณ,0.008
ูพุฑูุงูู,0.004
ยซูููู2ยป,0.004
ุฏุงุบ,0.02
ุฑุณุฏ๐ฟ,0.004
ยซฺุงุฑุฎูููยป!,0.004
yun.ir/baq4j8,0.004
๐ุชูุงุดุง,0.004
ุงุฑุงูุณู๐,0.004
ุจุฑุงููู,0.004
ุงุชูุงู,0.004
ุจูุชู.,0.004
ุนุณฺฉุฑ,0.004
ุชุฒุฑู,0.004
ููุจุช,0.004
ูุงฺฉุณู,0.008
ฺฉุฑููุง,0.004
ูุฑุงุฑุณุฏู,0.004
ุงุณุชุ,0.004
ููุงููฺฏ,0.004
ูุงุญุฏ,0.004
ูุนุฑู,0.008
ูฺฉุงู,0.004
ุชุนู,0.004
ุดุฏูุ,0.004
ููุงุฏ.ุฏุงูุดฺฏุงู,0.004
ุนููู,0.004
ูุณุชู.,0.008
ูุงูพุฑู,0.004
ูฺฉุงูุงู,0.004
ฑฑุชุงน/ฑณ,0.004
โููุฒุฏุฑุฌู,0.004
ฺฉฑฺฉฒตนนฐุช,0.004
โูุญุตููุงุช,0.004
ูพูุงุณฺฉู,0.004
ุงู,0.004
ุฌ,0.004
ุชุงถฐูช,0.004
โุธุฑู,0.004
ูฺฏูุฏุงุฑ,0.004
ุชุงูพฺฉูตฐูช,0.004
โุชุฑุด,0.004
ูุฎุงุฑุดูุฑุจููุฑุง,0.004
ุชุงตฐูช,0.004
ุณูุฏฺฉููุฏู,0.004
ูุฌุฑูฺฏุฑูพุงฺฉูุงุฒดตูช,0.004
ุฑูุบู,0.004
ุจุฑูุฌดฐูช,0.004
ูุงุณุชฑ/ธฺฉ,0.004
ููพูุฑูุชุงดฐฐฺฏ,0.004
ูุฑุงุฒณฒูช,0.004
Code:,0.004
660866,0.004
SySzyQ+eJ3i,0.004
ุขูพุ,0.004
ููุฏ,0.004
i.asanpardakht.com/khxl5el,0.004
๐ด,0.012
ููููุฑ,0.012
1401,0.012
https://b2n.ir/d46262,0.012
#,0.004
machine-learning-class,0.004
machine,0.004
learning,0.004
class,0.004
001,0.004
##,0.004
Information,0.004
*,0.02
#####,0.008
Teacher:,0.004
Dr.,0.004
Farzin,0.004
Yaghmaee,0.004
[Contact](mailto:f_yaghmaee@semnan.ac.ir),0.004
TA,0.004
Amir,0.004
Shokri,0.004
[Contact](mailto:amirshokri@semnan.ac.ir),0.004
###,0.004
Student,0.004
Info,0.004
Full,0.004
name,0.004
bahare,0.004
mohammadpour,0.004
github,0.004
id,0.004
b-mohammadpour,0.004
Email,0.004
mohammadpour.b1601@semnan.ac.ir,0.004
ุฑูุงู*,0.004
ูุฏุฑ,0.004
ุนุณฺฉุฑุ,0.004
ฑดฐฐ/ฐน/ฐณุ,0.004
ฑท:ดทุ,0.004
ุงููพุฑุงุชูุฑ,0.004
ูุฏุฑุชููุฏ,0.004
ุฏุฑยซุจุงุฒ,0.004
ุณูุงุทูยป,0.004
ุจุณุงุฒ!,0.004
GOSSCL,0.004
http://yelloadwise.ir/uywppdp,0.004
ูพุฑููพูุฒุงู,0.004
ุจุฑุงู,0.004
ุงูู,0.004
64971,0.004
ูุนุงูุณุงุฒู,0.004
ุขูุชู,0.008
ุจุงุจููู,0.004
ุงูุชูู,0.004
ูุทุน,0.012
ุจุฒูฺฏ,0.004
ุฏูุฑู,0.016
Network+,0.004
19-22,0.004
bit.ly/3a6TwaI,0.004
ูุบู:L,0.004
ุงุณููพ,0.012
ูุธุฑุณูุฌ,0.016
ุงุฑุงุฆู,0.012
ุงุฑ,0.016
ุฑุณุงูุฏ,0.012
ตฐฐูุฒุงุฑ,0.012
https://sfwlst3v1.questionpro.eu,0.012
ฺฏุฑุงูู,0.012
500,0.004
ุงุนุชุจุงุฑุ,0.004
ูููฺฉ,0.008
ฺฏูฺฏ,0.024
ูุงูู(ูุฑ,0.004
ฺฏูฺฏ),0.004
ููฺู,0.004
ุฐุฑูโุจูู,0.004
ุฏุฑูุงูุช,0.016
ุฎูุงู,0.004
ุฏููุงู,0.004
ูุจฺฏุฑุฏู,0.004
ฺฉููุฏ,0.004
ุจฺฏูุฑูุฏ.,0.004
ุฑุงูฺฏุงู:,0.004
app.zarebin.ir/ti1rwsf,0.004
ูพุฑุณุฏู,0.004
ุชุงุฏุด,0.004
ุดฺฉ,0.004
ูุญุตููุงุช,0.008
ุฏุณุชูโุจูุฏ,0.004
ูุจุงุณ,0.004
ุฒูุงูู,0.004
ููโุงฺฉููู,0.004
ุจุฑู:,0.004
dgkl.me/D5_FUA,0.004
39799,0.004
ูพุฑุฏุงุฎุชโูุงู,0.004
ฺฏุฐุดุชูุ,0.004
ุงุณุช:,0.012
ุดุงุฑฺ:,0.004
ุงูุชูุงุฒฺฏูุฑู,0.004
ููุฑูุฒูโุงู,0.004
ููุ,0.012
ุชุจุฏูู,0.004
ุดุงูู,0.004
ุจุณุชูโูุงู,0.004
ูฺฉุงูููุ,0.004
ฺฉุฏูุงู,0.004
ุชุฎููู,0.008
...,0.004
ูฺฉ,0.004
My.mci.ir,0.004
ุฑูุงุจุช,0.004
ุฏุฑุจุงุฒฺฉ!,0.004
ุฏุณุชฺฏุงูPlayStation5,0.004
5ฺฏูุด,0.004
ุดูุฑูุฑ,0.004
ุจุดุชุฑ:,0.004
http://biglyt.com/zqj5u,0.004
ุฎุฑุฏุชุงู,0.004
ุงุฒุงููโฺฉูุฑูุด,0.004
ุฑุงโ,0.004
ุงุฑุฒุงุจ,0.004
ุฑูุฒุงููโ,0.004
โูููู,0.004
ูุบู=off,0.004
http://s.okcs.com/?s=2675&m=09377553744,0.004
ุฏุดููุช,0.004
ุดุฑููุฏู,0.004
ุดุงุกุงููู,0.004
ูุดฺฉูุงุชุชูู,0.004
ุญู,0.008
ุจุดู๐,0.004
ูุณุชุฏุ,0.004
ูุชููู,0.004
ุงุฏุงูุดู,0.004
ุฑุงูููุงู,0.004
ฺฉููุ,0.004
ููุฏููู,0.004
ุตูุฑุชุงุตุฏุจุช,0.004
ฺฉูู-ุงุฑุฒุฏุฌุชุงู-ูุงุฑฺฉุณ-ฺฉุณุจ,0.004
ุฏุฑุขูุฏุจู,0.004
ุฏูุงุฑ-ฺฉุงูุงู,0.004
ุณฺฏูุงู,0.004
ุดุฑุญ=6,0.004
ุฎูุจูุงุฑุฏ,0.004
ุดุฏุ,0.004
ุฏูุชุฑฺู,0.004
ููุงุฑู,0.004
ุณููู,0.004
ุงุดุง,0.008
ููุถูุน:,0.008
ุดุจฺฉูโูุง,0.004
ูุจุงู,0.004
ุงููุช,0.004
ูุซุจุชโูุงู:,0.004
https://hamrah.academy/course/87,0.004
ุงุฒุฏููู,0.004
ฺฉุชุงุจุฎูุงู,0.004
ุฑุถูุ,0.004
ูุฌุงุฒ,0.008
ฺฉุดูุฑุ,0.004
ุงุฑุฒูุฏู,0.004
ููุงุฏ,0.004
ฺฉุชุงุจุฎุงููโูุง,0.004
ุนููู,0.004
ฺฉุดูุฑ,0.004
ููู,0.004
ุชูุงุดุง,0.004
ุชูุฏูุฑ,0.004
ูุดุงุฑฺฉุช,0.004
ูุฑูโุด,0.004
ุงูุนุงุฏู,0.008
ูพุงููุฒู,0.004
ูุฑูุดฺฏุงูโูุงู,0.004
ุฒูุฌูุฑู,0.004
ุงุชฺฉุงุ,0.004
ูุฑุงุณู,0.004
ฺฉุดู,0.004
ุชูููุฒููู,0.004
ุงููุชุฑูุชู,0.004
ุชููุง,0.004
ูพูุฌุดูุจู,0.004
29,0.004
ุฑูุงุจุท,0.004
ุนูููู,0.004
ุงุชูุง,0.004
http://Tva2.tva.tv,0.004
G-347469,0.004
ุชุฃุฏ,0.004
Google,0.004
ุชุฑุบุจ,0.004
ุฒุฏูุ,0.004
ุฌุงูุนู,0.004
ุงูู,0.004
ูพุดููุง,0.004
ุฏูุง,0.004
ฺุดูุงุช,0.004
ุฑูฺฏูุุฒุงูฺฉูุ305,0.004
ุนูู,0.004
ุฒูุฌุฑุจุงูุุขุฑุดโููุณุญุ225,0.004
ูุญุธู,0.004
ูฺฏุงู,0.004
ฺฉูุูุงฺฉุงู,0.004
ุจูุฏุ294,0.004
ฺฏูุุงูุงู,0.004
ุจูุฏุ309,0.004
ุฏุฑุง,0.004
ููุฑูุฺฏุฑุดุงุ306,0.004
ูููโุดูุงุฑู,0.004
ุฌูุงุจ,0.004
ูุฏุ,0.004
ูุฑูุฏุดูุงุฑุงุจู,0.004
ุฎุงููุงุฏู,0.004
ุชุฌุงุฑุช,0.004
ุขูุฏู,0.004
.ุงูุณุชุงฺฏุฑุงู,0.004
:https://instagram.com/tejaratbank,0.004
ฺฏูพ,0.004
:https://gap.im/tejaratbankofficial,0.004
20,0.012
50,0.012
1-,0.008
*10*35#,0.008
ุงูุชุฑูุชุ,0.008
ุชุฑฺฉุจ,0.008
2-,0.008
ุจุฑูุฏฺฏุงู,0.008
ูุดูุ,0.004
ูุณุชุ,0.004
ฺฏุฐุงุฑ,0.004
ูุญุชุฑู,0.004
ุนูุฑู,0.008
ููุฑุฏู,0.004
ุนูฺฉู,0.004
ุชุจุฑฺฉ,0.004
ุนุฏ,0.004
ุณุนุฏ,0.004
ูุฑุจุงูุ,0.004
ุขุฑุฒูููุฏู,0.004
ููุงูุน,0.004
ุจุงุฒฺฏุดุง,0.004
ุฒุงุฑุช,0.004
ุ,0.004
ุชููู,0.004
ูุนูู,0.004
ูุตุจ,0.004
ูุดุชุงูุงู,0.004
ุฒุงุฑุช,0.004
ุจุช,0.004
ุงููู,0.004
ุงูุญุฑุงู,0.004
ุญุฑู,0.004
ุดุฑู,0.004
ูุจู(ุต),0.004
ฺฏุฑุฏุฏ.,0.004
ยซุณุงุฒูุงู,0.004
ุญุฌ,0.004
ุฒุงุฑุชยป,0.004
ุตูุฏู,0.004
ฺฏุฐุงุดุชุุ,0.004
ูุดุชุฑฺฉ989ุจุงุฒุฑฺฏุงู,0.004
ุขุฑูู,0.004
ุงุฎุฐฺฉุงูุงูุตุฏูุฑฺฉุงุฑุช,0.004
ุฎูุฏุชูุงุณ,0.004
09396124545,0.004
ุฒูุฑุง,0.004
ูุจุงุฑฺฉ,0.004
ูุจููุช,0.004
ุดุฑู,0.008
ูููููููู,0.004
ูฺฉู:),0.004
ุงูุฑูุฒุ,0.004
ูุนุงูโุณุงุฒ:,0.004
http://i3l.ir/g4rFX,0.004
*4444*2#,0.008
1.5,0.004
5900,0.004
ููุชฺฏู,0.008
40000,0.004
22,0.004
49900,0.004
6500,0.004
9000,0.004
ุชููู,0.004
ุชุฎููโูุง,0.004
ูููุฏู!,0.004
ุจฺูโฺฏุงูู,0.004
ุณูุดุฑุช,0.004
ุดููุงุฑ,0.008
ูพุงูู,0.004
ตฐฐ,0.004
ฺฉุงูพุดู,0.008
ฺฉฺฉ,0.004
ุฑุงฺฉ,0.004
ฑฑฐ,0.004
ฺฉูุงู,0.004
ุดุงู,0.004
ฺฏุฑุฏู,0.004
ุจุงูุชู,0.004
ูููู:,0.008
dgkl.me/EuOHSQ,0.004
ูุงูฺฉ,0.008
ุงุทูุงุนุ,0.004
ุฎูุฏุฑูู,0.004
ูุฑุฏู,0.004
ฺฏูุงููุงูู,0.004
ุฑุงููุฏฺฏ,0.008
ุจฺฏุฐุงุฑุฏุ,0.004
ฺฏูุงููุงููุ,0.004
ุชุนูุจ,0.004
ฺฉูุฑู,0.004
ฺฏุฑุฏ.,0.004
ุฑุณุงู,0.004
ุดุฏ!,0.004
๐,0.004
ูุฑุตุช,0.012
ุฏุฌโโฺฉุงูุง,0.004
ุฏุณุช,0.004
ูุฏู.,0.004
ฑตฐ,0.004
BF1400,0.004
|,0.004
dgkl.me/EA8Cow,0.004
ุฏุงูุดุฌูู,0.004
ุงููุชุฑููููู,0.004
"9,100,000",0.004
ุชุฑู,0.004
4001,0.004
1400.06.20,0.004
13:37:47,0.004
รุฏุงูุดฺฏุงู,0.004
ุณููุงูร,0.004
ูฺฉูู.ุงู,0.004
ุจุดุชุฑู,0.004
ุฎุณุงุฑุชู.ฺฉูุชุฑุด,0.004
ููฺฉูู,0.004
ุจุฏุฑุฏ,0.004
ููุฎูุฑู,0.004
ุตุฑูุงุจูู,0.004
ุฏุงุดุชูู.ุงูุฏูุงุฑู,0.004
ููุฏ,0.004
ุจุงุดู.ุดุจุชูู,0.004
ุฏุงููุงุฑฺฉ,0.004
45000,0.004
ูพุฑุชูุงู,0.004
9500,0.004
ููุดุฏู,0.004
ุฌู,0.004
45%,0.004
ุชู,0.008
ูุงู,0.004
25%,0.004
ูพูุฑ,0.008
ูู,0.004
ฺฉุงูู,0.004
20%,0.004
ูพูุฏุฑูุงุดู,0.004
ูุจุงุณุดู,0.004
15%,0.004
ูุงูพุฑูุงูู,0.004
ุงูุฑูุฒููุฑุฏุง,0.004
!,0.004
ูุชูุงูุฏ,0.004
#ดดดด*,0.004
ุณูุงุฑุดุชุงู,0.004
ุงฺฉุงูุง,0.004
ุฑุงุถ,0.004
ุจูุฏุฏุ!,0.004
ุจูุจูุฏ,0.004
https://feedback.okala.com/7/28416190,0.004
ุจุงูุณุช!,0.004
ุชููู,0.008
ุฏุฌุชุงู,0.008
ุงุจุงูุ,0.004
ุฏุณุชฺฏุงู,0.004
PS5,0.004
ุดู.,0.008
ุดุงุฑฺุญุฏุงูู,0.004
ูพูู.,0.004
*6*1#,0.004
ุญุฑุงุฌ,0.004
ุฒูุณุชุงู,0.004
ุงูุฑฺฉุช,0.004
ูุฑุฏุงููุุฒูุงูู,0.004
585,0.004
ฺฉุชุงู,0.004
ู223,0.004
ุจููุฒ,0.004
125,0.004
(50%),0.008
ุชููฺฉ,0.004
64,0.008
ุชุดุฑุช,0.004
ูุฎ,0.004
ูุงูพุฑ,0.004
ูุงูู,0.004
12ุฑู,0.004
ุจุจุฑ,0.004
ฺุ!,0.004
ูุฑุนูโฺฉุดยซุจุงุณูุงูยป,0.004
ูุณุช.,0.004
ูุฑฑฐฐูุฒุงุฑ,0.004
ุชููุงู=ฺฉ,0.004
http://yelloadwise.ir/csdHXtX,0.004
ุฎูู,0.004
ุฒุงุฏู,0.004
"๐๐๐๐๐ก๐,",0.004
[11/30/2021,0.004
9:12,0.004
PM],0.004
4000,0.004
ุฑูุงู,0.004
ุฏุฑฺฏุงููุง,0.004
ุงูู:,0.004
#1*,0.004
shop.mci.ir,0.004
94,0.004
ุฑุงุชู!,0.004
ุฎุงู,0.004
ุขุณูุฏู,0.004
ูพุฑุณุฑุนุช,0.008
ูุฐุช,0.008
ุจุจุฑุฏ.,0.004
ุจุฎุฑ.ฺฉ,0.004
ุฏูุณุชุงู,0.004
ุฏุงุฏู.ูุทูุง,0.004
ฺฉูุฏโ.,0.004
ุฎุฏุง,0.004
ูฺฉูุฏ.,0.004
ุฎุทุฑ,0.004
ููุชุงฺ,0.004
ูููพุฏ,0.004
ุฑุณูุฏฺฏู,0.004
ููุงููุฏ,0.004
ุชูุธู,0.008
ูุฑุงุฑุฏุงุฏ,0.008
ุชูุงูุง,0.008
ุชุนูุฏุงุช,0.008
ุงุทููุงู,0.008
ุจุงุดุฏุ,0.008
ุงูุตูุฑุช,0.008
ุฎุณุงุฑุช,0.008
ูโุดูุฏ.,0.004
ฺฉุงููู,0.008
ููุฏูุช,0.004
ุฏุงูุดุฌูุงู,0.004
ุฌุฏุฏุ,0.004
ุนุถู,0.008
ูพุฐุฑุฏ(ููุฑุงู,0.004
ฺฉุงุฑฺฉุฑุฏ,0.004
ุฑุฒูู,0.004
ูุฑููฺฏ,0.012
ุฏุงูุดุฌู),0.004
http://t.me/mahdaviat_semuni,0.004
ุชูฺฏุฑุงูุ,0.004
ุขุฏ,0.004
ุงุฑุชุจุงุท,0.004
ุฏุจุฑ,0.004
ูุฑูุงุฆุฏ.,0.004
ุณูุฑูุงู,0.004
ุนูู,0.004
"2,444,000",0.004
8386931,0.004
ุชุงูุฑุฏุง,0.004
ุชุฎูู60%ุขูุชุณ-ุชุงูู-ูฺฉุงููู-ุขููุงู-ุชุฑฺฉ-ept,0.004
ุถูุงูุช,0.004
ุนูุฏุช=ุงุฑุณุงู7,0.004
ููุนุฏ,0.004
ุณูุณูู,0.004
ูุดุณุชโูุง,0.004
ุทููุน,0.004
ุฏูุชุฑ,0.004
ฺฉูุฑุด,0.004
ุฐูุงููุฑูู,0.004
ุณุฎูุฑุงู:,0.004
ุฌูุงุจ,0.004
ุญุฌุช,0.004
ุงูุงุณูุงู,0.004
ุงููุณููู,0.004
ุฏูุชุฑ,0.004
ุณุฏุนู,0.004
ุญุณูุ,0.004
ูุฆุช,0.004
ุนูู,0.004
ูุคุณุณู,0.004
โุขููุฒุด,0.004
ุงูุงู,0.004
ุฎูู(ุฑู)โ,0.004
ุดูุจู,0.004
1400/9/6,0.004
16โ,0.004
ุฑุณุงูู,0.004
https://heyatonline.ir/heyat/3468,0.004
ููุจ,0.004
ุฑู,0.004
ุญููู,0.004
ูุฑูุณ,0.004
ฺฉูุฏ.,0.004
ููู,0.008
ฺฏูุฌ,0.008
25,0.008
ุงูู!,0.008
ฺฉุงูู,0.016
ยซุณุฑูุณ,0.008
ูฺูยป,0.008
ยซุจุงุฒฺฏูุดยป,0.008
ฺฉู:,0.008
https://myirancell.irancell.ir/dl?161,0.008
ฺฏุฑุงููุ,0.004
ุฏุงุฑุงู,0.004
ฺฉุดู,0.008
ุขุจุงู,0.012
ุขฺฏุงูู,0.004
ุฑูุดูุงู,0.004
https://mci.ir/prize1,0.004
90,0.004
ุฏุฑุตุฏ),0.004
ุจูุฑู,0.004
ุดููุฏ.,0.004
*1000#,0.004
ุชุบุฐู,0.004
ูุชุฎุตุตุงู,0.004
ุณูุงูุชุ,0.004
ยซูพุฒุดฺฉุชยป!,0.004
ยซุงุฑุงูุณูโููยป:,0.004
https://myirancell.irancell.ir/dl?141,0.004
ูู,0.004
ุจุงู,0.004
00/9/6,0.004
18:21,0.004
ุตุฏู,0.004
ูุฑุฎ,0.008
ุชุณููุงุช,0.004
18,0.004
https://bmi.ir/landing/sadaf,0.004
ุชูฺฏุฑุงู,0.004
ฺฺฉ,0.004
ุดฺฏูุชโุงูฺฏุฒ,0.004
ุทุจุนุช!,0.004
ุชุฌูุฒุงุช,0.004
ฺฉููพูฺฏ,0.004
ุทุจุนุชโฺฏุฑุฏ,0.004
ุณุฑุน๐,0.004
ยซุฒฺฏูฺฉููพยป,0.004
http://yelloadwise.ir/xsDUMsq,0.004
10:07:44,0.004
1400/09/05ุ,0.004
ธต,0.004
ุญุฌู,0.008
4469,0.004
ุจุงู,0.004
ูุงูุฏู,0.004
ุฑุณุฏู,0.004
ุจุณุชูุ,0.004
ูุฏุงุดุชู,0.004
ูุนุงูุ,0.004
ูุถุนุช,0.004
*100*10#,0.004
*100#,0.004
*100*113#,0.004
ุฎุจุฑูุงูู,0.004
ุงุณุชุฎุฏุงู,0.004
ุฎุตูุต,0.004
ููุชุดุฑ,0.004
ูุดุงูุฏู:,0.004
zaya.io/nl10,0.004
ุจุจู!,0.004
http://sorenvhs.ir,0.004
RTCN-7,0.004
ุฏุฎุชุฑู,0.004
ูุจุงุด,0.004
ุตุจุญุงูู,0.004
ุฎุฑุฏู,0.004
ููุฎูุงุฏ,0.004
ุจุฎุฑ,0.008
ููุชุดู,0.004
ุฌุฏุฏุชุฑู,0.004
ุจฺฏุฑ!,0.004
ุงุฑุงูุณูุ,0.004
ุดุงูุณุช,0.004
ุงูุชุญุงู,0.004
ฺฉู!,0.004
ุดุฏ.ุชุงุฑุฎ,0.004
ุงููุถุง,0.004
ูุงุฑุดูุงุณู,0.004
ูุฑุงุญู,0.004
ูุตุงุญุจู,0.008
ุดุฑุงุท,0.004
ุขุฒูููุ,0.004
ูุงุฒู,0.004
ุงุทูุงุนูู,0.004
ููุฑุฎ,0.004
1400/6/22,0.004
ุณูุฌุด,0.004
ุชุนุทูุงุช,0.004
ุฑุณุงู,0.004
((ูุฑูุด,0.004
ุงุณุชุซูุง,0.004
ูุฑู)),0.004
70ุฏุฑุตุฏ,0.004
BlackFriday,0.004
https://toplearn.com/TodayDiscounts,0.004
ุดูุงุฑูโฺฏุฑ:,0.004
๐ฌ,0.004
ุชูุงุดุง,0.004
ยซฺุฑุฎ,0.004
ุฒูุงูยป,0.004
ฺุงุฑุฎููู,0.004
yun.ir/p2qyxd,0.004
"ุนุฒุฒู,ุฎูุจุููุงุฒ",0.004
ูุจูู,0.004
ุจุฑฺฏุฑุฏู,0.004
ูุฒูู,0.004
ุฌุดูธุณุงูฺฏ,0.004
ุฏุนูุชุฏ,0.004
ุชุฎููุงุช,0.008
ูููู!,0.004
okcs.ir/18,0.004
ุฎุฑุฏูุญุตููุงุช,0.004
ูฺฉุณ,0.008
ููุฏ,0.008
ูุณุชุงฺฉ,0.004
ุฏุณุชฺฏุงูุุดูุงุฑู,0.004
091075ZZZ97,0.004
ุฏุฑุตูุฑุช,0.004
ุฎุฑุฏุุงุฒ,0.004
ูุฑูุดูุฏู,0.004
ฺฉุฏูุนุงูุณุงุฒ,0.004
ุจุงุดูุงุฑู,0.004
ฺฏุฑ#7777*ุฏุณุชฺฏุงู,0.004
ฺฉูุฏุุฏุฑุบุฑุงูุตูุฑุช,0.004
ูุงุฒุจู,0.004
IMEI:,0.004
358934998014946,0.004
ุฑุงูููุง:,0.004
hmti.ir/p01,0.004
ุจููุฑุงู,0.008
ุดฺฏูุช,0.004
ุงูฺฏุฒ,0.004
ฺุง,0.004
ฺฉูู,0.004
ููุฑฺู500ฺฏ,0.004
ุดูุฑุฒุงุฏ47900,0.004
ุฑุจ,0.004
ุฑุนูุง25900,0.004
ูุงู180ฺฏ,0.004
ุชุญูู20900,0.004
ุณุชุงฺฉ,0.004
okcs.ir/4l,0.004
ุฎูุฏุฑู,0.004
ดต,0.004
ยซุฎูุฏุฑู,0.004
45ยป!,0.004
โ๏ธ,0.016
ูุงุณุทู,0.004
ุขู,0.008
ููุฏ,0.004
ุดุนุจ,0.004
VIP,0.004
ฺฉุงุฑุดูุงุณ,0.004
ุชุฎุตุต,0.004
ุฏุฑุฎูุงุณุช:,0.004
http://yelloadwise.ir/NN5traZ,0.004
ูููู,0.004
ุฌูููุฑ,0.004
ุงุณูุงู,0.004
ุจุงุฏ.,0.004
24,0.004
ูุบุงุช,0.004
ุขุฐุฒ,0.004
๐ุ,0.004
ฺฉู!๐ฑ,0.004
ุงุถุทุฑุงุฑุ,0.004
#ธฑต*,0.004
ุดูุงุฑูโฺฏุฑ,0.004
ูุธุฑุช,0.004
ุจุจุฑ.,0.004
724!,0.004
#724*,0.004
ูพุงุฒ,0.004
ุงูฺฉ,0.004
ุขูุฏูุฏ.,0.004
1400/09/09,0.004
12:43,0.004
ูโุฏุงูุฏ,0.004
ุดุงุบูุงู,0.004
ุชุนุฏู,0.004
ุดุฏูุฏุ,0.004
ฺฏุฒุงุฑุด,0.004
ุฌุงุจโูฺู,0.004
ยซุชุงุซุฑ,0.004
ฺฉุงุฑยป,0.004
http://yelloadwise.ir/DVYx0vc,0.004
fileCount,250
